semi_major_axis,host_star,planet_mass,stellar_mass
0.39,Kepler-123,0.000003,1
0.72,Kepler-123,0.000009,1
1,Kepler-123,0.000003,1
1.52,Kepler-123,0.000003,1
5.2,Kepler-123,0.000954,1
9.58,Kepler-123,0.000285,1
19.22,Kepler-123,0.000043,1
30.05,Kepler-123,0.000051,1
